Date,Average Price,Open Price,High Price,Low Price,Last close Price,Last Price,Last Price (adjusted),AdjustmentFactor,Price Change(%),Best bid,Best ask,Trades,Volume,Turnover,CCY
14.10.2013,0.951,0.951,0.960,0.950,0.954,0.960,0.960,1.0000000000,0.63%,0.952,0.960,56,433419,412318.22,EUR
15.10.2013,0.951,0.952,0.955,0.950,0.960,0.950,0.950,1.0000000000,-1.04%,0.950,0.951,38,282072,268556.75,EUR
16.10.2013,0.951,0.950,0.952,0.950,0.950,0.951,0.951,1.0000000000,0.11%,0.950,0.957,33,596048,566835.35,EUR
17.10.2013,0.951,0.960,0.960,0.951,0.951,0.951,0.951,1.0000000000,0.00%,0.942,0.952,14,466309,443461.41,EUR
18.10.2013,0.952,0.951,0.954,0.951,0.951,0.952,0.952,1.0000000000,0.11%,0.952,0.955,19,437222,416137.29,EUR
21.10.2013,0.952,0.952,0.952,0.952,0.952,0.952,0.952,1.0000000000,0.00%,0.952,0.953,28,406131,386636.71,EUR
22.10.2013,0.944,0.953,0.953,0.940,0.952,0.940,0.940,1.0000000000,-1.26%,0.940,0.956,22,205940,194412.20,EUR
23.10.2013,0.955,0.952,0.959,0.952,0.940,0.955,0.955,1.0000000000,1.60%,0.955,0.958,23,99035,94536.86,EUR
24.10.2013,0.963,0.959,0.972,0.959,0.955,0.972,0.972,1.0000000000,1.78%,0.965,0.972,46,283090,272616.51,EUR
25.10.2013,0.964,0.972,0.972,0.962,0.972,0.962,0.962,1.0000000000,-1.03%,0.961,0.962,19,39590,38171.54,EUR
28.10.2013,0.962,0.961,0.964,0.961,0.962,0.962,0.962,1.0000000000,0.00%,0.962,0.963,22,33322,32061.66,EUR
29.10.2013,0.963,0.962,0.965,0.961,0.962,0.965,0.965,1.0000000000,0.31%,0.961,0.965,18,137461,132380.65,EUR
30.10.2013,0.963,0.965,0.965,0.961,0.965,0.963,0.963,1.0000000000,-0.21%,0.961,0.963,9,11101,10689.21,EUR
31.10.2013,0.960,0.961,0.964,0.960,0.963,0.963,0.963,1.0000000000,0.00%,0.961,0.963,13,85444,82040.21,EUR
01.11.2013,0.963,0.961,0.964,0.960,0.963,0.964,0.964,1.0000000000,0.10%,0.964,0.968,14,262950,253117.25,EUR
04.11.2013,0.966,0.965,0.969,0.965,0.964,0.967,0.967,1.0000000000,0.31%,0.967,0.968,24,61707,59627.74,EUR
05.11.2013,0.961,0.963,0.965,0.960,0.967,0.961,0.961,1.0000000000,-0.62%,0.962,0.964,15,17112,16448.14,EUR
06.11.2013,0.970,0.967,0.973,0.967,0.961,0.973,0.973,1.0000000000,1.25%,0.972,0.973,40,269349,261352.23,EUR
07.11.2013,0.975,0.972,0.976,0.972,0.973,0.976,0.976,1.0000000000,0.31%,0.972,0.976,24,182577,178006.84,EUR
08.11.2013,0.983,0.970,0.990,0.970,0.976,0.990,0.990,1.0000000000,1.43%,0.981,0.990,25,31777,31227.02,EUR
11.11.2013,0.990,0.990,0.997,0.985,0.990,0.992,0.992,1.0000000000,0.20%,0.991,0.992,34,45671,45213.06,EUR
12.11.2013,0.992,0.995,0.995,0.983,0.992,0.995,0.995,1.0000000000,0.30%,0.991,0.995,42,63305,62804.90,EUR
13.11.2013,0.992,0.990,0.994,0.990,0.995,0.993,0.993,1.0000000000,-0.20%,0.990,0.993,24,63654,63118.72,EUR
14.11.2013,0.993,0.991,0.994,0.991,0.993,0.994,0.994,1.0000000000,0.10%,0.992,0.994,4,2226,2211.23,EUR
15.11.2013,0.965,0.961,0.970,0.950,0.994,0.965,0.965,1.0000000000,-2.92%,0.962,0.965,124,580982,560077.19,EUR
18.11.2013,0.968,0.965,0.973,0.960,0.965,0.973,0.973,1.0000000000,0.83%,0.970,0.973,59,204733,198227.04,EUR
19.11.2013,0.969,0.973,0.973,0.965,0.973,0.972,0.972,1.0000000000,-0.10%,0.966,0.972,31,146799,142284.51,EUR
20.11.2013,0.958,0.962,0.962,0.950,0.972,0.955,0.955,1.0000000000,-1.75%,0.952,0.955,28,125799,121208.54,EUR
21.11.2013,0.960,0.951,0.962,0.951,0.955,0.962,0.962,1.0000000000,0.73%,0.955,0.962,17,64578,62010.97,EUR
22.11.2013,0.958,0.960,0.960,0.954,0.962,0.954,0.954,1.0000000000,-0.83%,0.954,0.957,10,5654,5415.39,EUR
25.11.2013,0.954,0.951,0.955,0.951,0.954,0.955,0.955,1.0000000000,0.10%,0.955,0.959,17,20697,19744.66,EUR
26.11.2013,0.937,0.954,0.954,0.925,0.955,0.925,0.925,1.0000000000,-3.14%,0.923,0.925,86,426216,399555.65,EUR
27.11.2013,0.930,0.926,0.935,0.926,0.925,0.935,0.935,1.0000000000,1.08%,0.931,0.935,39,159335,148198.83,EUR
28.11.2013,0.948,0.931,0.960,0.931,0.935,0.959,0.959,1.0000000000,2.57%,0.957,0.959,52,139169,131862.46,EUR
29.11.2013,0.957,0.957,0.960,0.955,0.959,0.955,0.955,1.0000000000,-0.42%,0.955,0.957,23,58776,56255.54,EUR
02.12.2013,0.945,0.955,0.955,0.941,0.955,0.946,0.946,1.0000000000,-0.94%,0.946,0.952,10,11278,10656.26,EUR
03.12.2013,0.939,0.946,0.946,0.934,0.946,0.943,0.943,1.0000000000,-0.32%,0.936,0.943,44,218670,205495.54,EUR
04.12.2013,0.937,0.940,0.954,0.934,0.943,0.937,0.937,1.0000000000,-0.64%,0.937,0.938,33,42270,39620.28,EUR
05.12.2013,0.928,0.932,0.935,0.921,0.937,0.930,0.930,1.0000000000,-0.75%,0.922,0.927,49,163655,151895.12,EUR
06.12.2013,0.924,0.933,0.937,0.917,0.930,0.922,0.922,1.0000000000,-0.86%,0.920,0.923,37,121195,111995.20,EUR
09.12.2013,0.920,0.921,0.930,0.916,0.922,0.918,0.918,1.0000000000,-0.43%,0.916,0.918,44,71688,65920.51,EUR
10.12.2013,0.915,0.916,0.916,0.912,0.918,0.916,0.916,1.0000000000,-0.22%,0.913,0.916,26,41810,38251.53,EUR
11.12.2013,0.901,0.913,0.915,0.888,0.916,0.888,0.888,1.0000000000,-3.06%,0.887,0.888,106,405753,365458.53,EUR
12.12.2013,0.865,0.897,0.897,0.856,0.888,0.865,0.865,1.0000000000,-2.59%,0.864,0.865,104,256885,222281.64,EUR
13.12.2013,0.855,0.864,0.864,0.850,0.865,0.855,0.855,1.0000000000,-1.16%,0.856,0.856,99,275090,235240.64,EUR
16.12.2013,0.882,0.857,0.896,0.857,0.855,0.896,0.896,1.0000000000,4.80%,0.896,0.897,72,178318,157370.78,EUR
17.12.2013,0.909,0.910,0.919,0.903,0.896,0.915,0.915,1.0000000000,2.12%,0.916,0.918,71,401968,365414.34,EUR
18.12.2013,0.917,0.916,0.918,0.914,0.915,0.918,0.918,1.0000000000,0.33%,0.916,0.919,24,557320,507375.35,EUR
19.12.2013,0.906,0.920,0.920,0.889,0.918,0.900,0.900,1.0000000000,-1.96%,0.892,0.900,59,461662,419240.10,EUR
20.12.2013,0.895,0.900,0.901,0.889,0.900,0.890,0.890,1.0000000000,-1.11%,0.889,0.890,35,222199,198973.80,EUR
23.12.2013,0.878,0.880,0.885,0.873,0.890,0.873,0.873,1.0000000000,-1.91%,0.879,0.880,58,149276,131089.08,EUR
27.12.2013,0.868,0.873,0.880,0.860,0.873,0.880,0.880,1.0000000000,0.80%,0.873,0.880,37,59383,51555.52,EUR
30.12.2013,0.891,0.869,0.897,0.869,0.880,0.890,0.890,1.0000000000,1.14%,0.890,0.894,54,183448,163407.80,EUR
02.01.2014,0.894,0.898,0.898,0.890,0.890,0.890,0.890,1.0000000000,0.00%,0.890,0.895,23,87278,77860.96,EUR
03.01.2014,0.890,0.900,0.900,0.886,0.890,0.897,0.897,1.0000000000,0.79%,0.893,0.897,35,1900518,1691457.02,EUR
06.01.2014,0.899,0.894,0.903,0.894,0.897,0.901,0.901,1.0000000000,0.45%,0.894,0.901,26,37278,33515.35,EUR
07.01.2014,0.901,0.903,0.904,0.895,0.901,0.904,0.904,1.0000000000,0.33%,0.901,0.904,42,67014,60394.16,EUR
08.01.2014,0.904,0.904,0.905,0.901,0.904,0.905,0.905,1.0000000000,0.11%,0.903,0.905,25,158342,142721.36,EUR
09.01.2014,0.903,0.905,0.905,0.900,0.905,0.905,0.905,1.0000000000,0.00%,0.903,0.905,20,47666,43043.01,EUR
10.01.2014,0.904,0.903,0.907,0.903,0.905,0.903,0.903,1.0000000000,-0.22%,0.903,0.906,30,92081,83247.32,EUR
13.01.2014,0.903,0.903,0.906,0.900,0.903,0.905,0.905,1.0000000000,0.22%,0.904,0.905,56,219412,198044.32,EUR
14.01.2014,0.901,0.905,0.905,0.900,0.905,0.901,0.901,1.0000000000,-0.44%,0.901,0.904,24,1200583,1081740.61,EUR
15.01.2014,0.905,0.905,0.905,0.903,0.901,0.905,0.905,1.0000000000,0.44%,0.903,0.905,15,29076,26305.93,EUR
16.01.2014,0.901,0.905,0.905,0.900,0.905,0.900,0.900,1.0000000000,-0.55%,0.898,0.900,34,92124,83022.98,EUR
17.01.2014,0.903,0.903,0.903,0.902,0.900,0.902,0.902,1.0000000000,0.22%,0.902,0.904,5,9368,8456.75,EUR
20.01.2014,0.900,0.900,0.900,0.898,0.902,0.900,0.900,1.0000000000,-0.22%,0.900,0.903,9,8921,8026.87,EUR
21.01.2014,0.905,0.897,0.905,0.897,0.900,0.905,0.905,1.0000000000,0.56%,0.904,0.905,26,337044,304982.68,EUR
22.01.2014,0.907,0.908,0.908,0.906,0.905,0.908,0.908,1.0000000000,0.33%,0.906,0.908,16,42435,38482.60,EUR
23.01.2014,0.910,0.910,0.910,0.908,0.908,0.910,0.910,1.0000000000,0.22%,0.909,0.913,23,106164,96568.78,EUR
24.01.2014,0.909,0.909,0.910,0.903,0.910,0.905,0.905,1.0000000000,-0.55%,0.903,0.905,33,169265,153789.80,EUR
27.01.2014,0.902,0.900,0.905,0.898,0.905,0.905,0.905,1.0000000000,0.00%,0.898,0.905,19,43638,39367.16,EUR
28.01.2014,0.900,0.904,0.904,0.898,0.905,0.904,0.904,1.0000000000,-0.11%,0.899,0.904,11,3884,3494.19,EUR
29.01.2014,0.899,0.899,0.900,0.898,0.904,0.898,0.898,1.0000000000,-0.66%,0.898,0.901,23,80225,72137.95,EUR
30.01.2014,0.898,0.898,0.900,0.898,0.898,0.898,0.898,1.0000000000,0.00%,0.897,0.898,7,7644,6865.51,EUR
31.01.2014,0.898,0.898,0.900,0.893,0.898,0.900,0.900,1.0000000000,0.22%,0.894,0.900,22,89575,80426.15,EUR
03.02.2014,0.905,0.903,0.907,0.900,0.900,0.906,0.906,1.0000000000,0.67%,0.903,0.906,21,76529,69222.32,EUR
04.02.2014,0.893,0.903,0.903,0.886,0.906,0.892,0.892,1.0000000000,-1.55%,0.891,0.895,19,36115,32253.67,EUR
05.02.2014,0.897,0.890,0.898,0.890,0.892,0.898,0.898,1.0000000000,0.67%,0.897,0.899,37,90614,81261.46,EUR
06.02.2014,0.894,0.899,0.899,0.890,0.898,0.890,0.890,1.0000000000,-0.89%,0.890,0.893,27,63780,56997.47,EUR
07.02.2014,0.894,0.894,0.895,0.890,0.890,0.895,0.895,1.0000000000,0.56%,0.888,0.895,16,41316,36954.18,EUR
10.02.2014,0.894,0.898,0.899,0.885,0.895,0.885,0.885,1.0000000000,-1.12%,0.885,0.891,37,75395,67376.87,EUR
11.02.2014,0.886,0.885,0.891,0.875,0.885,0.886,0.886,1.0000000000,0.11%,0.877,0.886,50,99705,88339.66,EUR
12.02.2014,0.884,0.877,0.888,0.875,0.886,0.888,0.888,1.0000000000,0.23%,0.888,0.890,34,75856,67098.20,EUR
13.02.2014,0.888,0.890,0.896,0.879,0.888,0.887,0.887,1.0000000000,-0.11%,0.880,0.887,28,111790,99220.23,EUR
14.02.2014,0.879,0.880,0.882,0.875,0.887,0.880,0.880,1.0000000000,-0.79%,0.875,0.880,30,130426,114691.19,EUR
17.02.2014,0.868,0.867,0.877,0.867,0.880,0.869,0.869,1.0000000000,-1.25%,0.869,0.875,32,67270,58411.66,EUR
18.02.2014,0.873,0.874,0.876,0.871,0.869,0.871,0.871,1.0000000000,0.23%,0.871,0.873,28,43131,37662.57,EUR
19.02.2014,0.871,0.870,0.872,0.870,0.871,0.871,0.871,1.0000000000,0.00%,0.871,0.873,8,15504,13503.96,EUR
20.02.2014,0.872,0.875,0.875,0.869,0.871,0.869,0.869,1.0000000000,-0.23%,0.865,0.869,34,65602,57203.58,EUR
21.02.2014,0.869,0.869,0.874,0.867,0.869,0.870,0.870,1.0000000000,0.12%,0.870,0.874,9,25240,21938.00,EUR
24.02.2014,0.000,0.870,0.000,0.000,0.870,0.870,0.870,1.0000000000,0.00%,0.865,0.878,0,0,0.00,EUR
25.02.2014,0.877,0.880,0.882,0.864,0.870,0.864,0.864,1.0000000000,-0.69%,0.863,0.874,39,181091,158641.88,EUR
26.02.2014,0.863,0.863,0.868,0.861,0.864,0.862,0.862,1.0000000000,-0.23%,0.861,0.868,11,18385,15858.19,EUR
27.02.2014,0.862,0.862,0.868,0.860,0.862,0.860,0.860,1.0000000000,-0.23%,0.858,0.860,26,88948,76708.85,EUR
28.02.2014,0.868,0.877,0.877,0.862,0.860,0.862,0.862,1.0000000000,0.23%,0.861,0.868,44,167629,145555.03,EUR
03.03.2014,0.856,0.865,0.865,0.840,0.862,0.840,0.840,1.0000000000,-2.55%,0.835,0.840,79,132577,113453.09,EUR
04.03.2014,0.849,0.840,0.856,0.840,0.840,0.849,0.849,1.0000000000,1.07%,0.845,0.852,27,89274,75793.54,EUR
05.03.2014,0.846,0.850,0.852,0.841,0.849,0.850,0.850,1.0000000000,0.12%,0.842,0.850,28,50818,42986.01,EUR
06.03.2014,0.849,0.845,0.854,0.845,0.850,0.848,0.848,1.0000000000,-0.24%,0.848,0.850,15,36793,31223.81,EUR
07.03.2014,0.849,0.845,0.850,0.845,0.848,0.850,0.850,1.0000000000,0.24%,0.846,0.850,44,158502,134629.00,EUR
10.03.2014,0.849,0.850,0.850,0.842,0.850,0.849,0.849,1.0000000000,-0.12%,0.845,0.849,34,92410,78414.51,EUR
11.03.2014,0.847,0.844,0.849,0.844,0.849,0.848,0.848,1.0000000000,-0.12%,0.847,0.848,19,26098,22114.79,EUR
12.03.2014,0.846,0.847,0.847,0.845,0.848,0.845,0.845,1.0000000000,-0.35%,0.846,0.847,13,46651,39455.69,EUR
13.03.2014,0.829,0.844,0.844,0.808,0.845,0.808,0.808,1.0000000000,-4.38%,0.807,0.808,55,152493,126490.15,EUR
14.03.2014,0.786,0.807,0.807,0.777,0.808,0.785,0.785,1.0000000000,-2.85%,0.784,0.785,175,499260,392247.61,EUR
17.03.2014,0.785,0.785,0.793,0.783,0.785,0.786,0.786,1.0000000000,0.13%,0.786,0.791,59,628965,493964.23,EUR
18.03.2014,0.798,0.798,0.799,0.795,0.786,0.798,0.798,1.0000000000,1.53%,0.797,0.798,65,173359,138296.72,EUR
19.03.2014,0.800,0.800,0.802,0.798,0.798,0.799,0.799,1.0000000000,0.13%,0.796,0.799,42,105830,84660.30,EUR
20.03.2014,0.792,0.799,0.799,0.791,0.799,0.791,0.791,1.0000000000,-1.00%,0.790,0.791,24,40115,31778.18,EUR
21.03.2014,0.785,0.790,0.791,0.783,0.791,0.783,0.783,1.0000000000,-1.01%,0.783,0.785,25,57086,44812.80,EUR
24.03.2014,0.784,0.790,0.790,0.783,0.783,0.784,0.784,1.0000000000,0.13%,0.782,0.784,28,69555,54556.27,EUR
25.03.2014,0.789,0.791,0.792,0.785,0.784,0.785,0.785,1.0000000000,0.13%,0.785,0.790,23,64850,51137.30,EUR
26.03.2014,0.786,0.788,0.790,0.783,0.785,0.787,0.787,1.0000000000,0.25%,0.784,0.787,57,160771,126416.63,EUR
27.03.2014,0.785,0.782,0.787,0.782,0.787,0.785,0.785,1.0000000000,-0.25%,0.783,0.785,31,125840,98833.40,EUR
28.03.2014,0.783,0.787,0.787,0.781,0.785,0.782,0.782,1.0000000000,-0.38%,0.782,0.785,19,43343,33927.42,EUR
31.03.2014,0.782,0.782,0.789,0.780,0.782,0.782,0.782,1.0000000000,0.00%,0.779,0.784,53,130679,102147.58,EUR
01.04.2014,0.780,0.784,0.787,0.774,0.782,0.780,0.780,1.0000000000,-0.26%,0.771,0.780,51,194751,151878.29,EUR
02.04.2014,0.776,0.780,0.780,0.768,0.780,0.778,0.778,1.0000000000,-0.26%,0.770,0.778,44,112932,87580.68,EUR
03.04.2014,0.771,0.779,0.779,0.767,0.778,0.779,0.779,1.0000000000,0.13%,0.771,0.779,35,558451,430708.46,EUR
04.04.2014,0.777,0.778,0.778,0.771,0.779,0.778,0.778,1.0000000000,-0.13%,0.777,0.778,29,689754,535902.76,EUR
07.04.2014,0.784,0.779,0.785,0.779,0.778,0.785,0.785,1.0000000000,0.90%,0.778,0.785,24,73477,57607.19,EUR
08.04.2014,0.785,0.782,0.789,0.782,0.785,0.788,0.788,1.0000000000,0.38%,0.786,0.789,12,31050,24374.21,EUR
09.04.2014,0.784,0.784,0.788,0.778,0.788,0.786,0.786,1.0000000000,-0.25%,0.778,0.786,32,74517,58164.23,EUR
10.04.2014,0.785,0.785,0.788,0.784,0.786,0.788,0.788,1.0000000000,0.25%,0.787,0.788,12,49207,38648.20,EUR
11.04.2014,0.781,0.781,0.793,0.779,0.788,0.779,0.779,1.0000000000,-1.14%,0.779,0.784,70,502454,392410.77,EUR
14.04.2014,0.780,0.780,0.784,0.779,0.779,0.780,0.780,1.0000000000,0.13%,0.780,0.783,17,173857,135631.26,EUR
15.04.2014,0.781,0.783,0.785,0.772,0.780,0.782,0.782,1.0000000000,0.26%,0.771,0.782,50,416837,325557.17,EUR
16.04.2014,0.781,0.785,0.785,0.775,0.782,0.782,0.782,1.0000000000,0.00%,0.775,0.782,27,79855,62363.44,EUR
17.04.2014,0.781,0.780,0.785,0.778,0.782,0.785,0.785,1.0000000000,0.38%,0.777,0.785,22,155649,121620.30,EUR
22.04.2014,0.789,0.785,0.795,0.781,0.785,0.795,0.795,1.0000000000,1.27%,0.785,0.795,40,105736,83436.37,EUR
23.04.2014,0.804,0.791,0.808,0.791,0.795,0.808,0.808,1.0000000000,1.64%,0.800,0.808,26,58910,47394.18,EUR
24.04.2014,0.802,0.808,0.808,0.800,0.808,0.802,0.802,1.0000000000,-0.74%,0.800,0.805,17,88735,71212.07,EUR
25.04.2014,0.795,0.802,0.802,0.792,0.802,0.794,0.794,1.0000000000,-1.00%,0.794,0.797,26,326522,260862.16,EUR
28.04.2014,0.797,0.800,0.800,0.793,0.794,0.793,0.793,1.0000000000,-0.13%,0.793,0.798,18,22866,18214.04,EUR
29.04.2014,0.795,0.794,0.795,0.788,0.793,0.794,0.794,1.0000000000,0.13%,0.789,0.795,18,431006,342554.48,EUR
30.04.2014,0.783,0.795,0.795,0.780,0.794,0.780,0.780,1.0000000000,-1.76%,0.780,0.788,43,101705,79641.59,EUR
02.05.2014,0.787,0.786,0.787,0.784,0.780,0.784,0.784,1.0000000000,0.51%,0.783,0.787,11,34690,27291.56,EUR
05.05.2014,0.788,0.791,0.791,0.780,0.784,0.786,0.786,1.0000000000,0.26%,0.783,0.786,27,82840,65313.80,EUR
06.05.2014,0.779,0.780,0.792,0.771,0.786,0.771,0.771,1.0000000000,-1.91%,0.771,0.774,84,304365,237087.03,EUR
07.05.2014,0.775,0.777,0.779,0.773,0.771,0.774,0.774,1.0000000000,0.39%,0.773,0.777,37,76990,59649.03,EUR
08.05.2014,0.772,0.782,0.782,0.765,0.774,0.768,0.768,1.0000000000,-0.78%,0.761,0.773,42,141652,109287.01,EUR
09.05.2014,0.767,0.770,0.772,0.763,0.768,0.772,0.772,1.0000000000,0.52%,0.770,0.772,31,131622,100999.20,EUR
12.05.2014,0.770,0.775,0.775,0.761,0.772,0.770,0.770,1.0000000000,-0.26%,0.765,0.769,35,74485,57368.73,EUR
13.05.2014,0.771,0.773,0.773,0.770,0.770,0.770,0.770,1.0000000000,0.00%,0.770,0.773,18,39002,30064.16,EUR
14.05.2014,0.772,0.770,0.778,0.767,0.770,0.771,0.771,1.0000000000,0.13%,0.771,0.775,37,135148,104336.97,EUR
15.05.2014,0.761,0.767,0.768,0.752,0.771,0.752,0.752,1.0000000000,-2.46%,0.752,0.762,71,143346,109080.76,EUR
16.05.2014,0.753,0.750,0.758,0.750,0.752,0.755,0.755,1.0000000000,0.40%,0.755,0.758,20,30376,22870.53,EUR
19.05.2014,0.764,0.753,0.770,0.753,0.755,0.769,0.769,1.0000000000,1.85%,0.757,0.770,36,115002,87843.62,EUR
20.05.2014,0.775,0.773,0.779,0.760,0.769,0.777,0.777,1.0000000000,1.04%,0.772,0.779,30,81996,63587.83,EUR
21.05.2014,0.773,0.777,0.778,0.769,0.777,0.769,0.769,1.0000000000,-1.03%,0.769,0.777,29,84670,65445.13,EUR
22.05.2014,0.767,0.770,0.775,0.764,0.769,0.764,0.764,1.0000000000,-0.65%,0.764,0.770,20,41021,31472.68,EUR
23.05.2014,0.770,0.769,0.773,0.765,0.764,0.773,0.773,1.0000000000,1.18%,0.773,0.775,19,37880,29149.45,EUR
26.05.2014,0.776,0.765,0.779,0.765,0.773,0.779,0.779,1.0000000000,0.78%,0.777,0.780,30,48270,37476.64,EUR
27.05.2014,0.782,0.779,0.783,0.777,0.779,0.778,0.778,1.0000000000,-0.13%,0.778,0.782,39,188708,147481.50,EUR
28.05.2014,0.779,0.780,0.780,0.778,0.778,0.778,0.778,1.0000000000,0.00%,0.777,0.778,10,146719,114365.40,EUR
30.05.2014,0.781,0.779,0.784,0.775,0.778,0.784,0.784,1.0000000000,0.77%,0.780,0.784,67,424178,331386.85,EUR
02.06.2014,0.781,0.783,0.784,0.779,0.784,0.780,0.780,1.0000000000,-0.51%,0.779,0.781,23,82103,64126.92,EUR
03.06.2014,0.781,0.780,0.784,0.779,0.780,0.784,0.784,1.0000000000,0.51%,0.780,0.784,29,36692,28671.13,EUR
04.06.2014,0.780,0.780,0.784,0.780,0.784,0.780,0.780,1.0000000000,-0.51%,0.779,0.781,22,84983,66290.23,EUR
05.06.2014,0.779,0.780,0.780,0.778,0.780,0.780,0.780,1.0000000000,0.00%,0.778,0.779,27,71444,55645.33,EUR
06.06.2014,0.778,0.778,0.780,0.777,0.780,0.778,0.778,1.0000000000,-0.26%,0.777,0.780,30,1071745,835854.03,EUR
09.06.2014,0.782,0.780,0.787,0.780,0.778,0.780,0.780,1.0000000000,0.26%,0.780,0.782,21,205153,160436.55,EUR
10.06.2014,0.789,0.787,0.792,0.783,0.780,0.790,0.790,1.0000000000,1.28%,0.790,0.792,50,117704,92925.69,EUR
11.06.2014,0.794,0.794,0.800,0.790,0.790,0.790,0.790,1.0000000000,0.00%,0.789,0.790,30,52952,42052.18,EUR
12.06.2014,0.793,0.790,0.799,0.786,0.790,0.795,0.795,1.0000000000,0.63%,0.792,0.795,51,172966,137100.34,EUR
13.06.2014,0.790,0.795,0.795,0.788,0.795,0.794,0.794,1.0000000000,-0.13%,0.789,0.795,19,134679,106389.36,EUR
16.06.2014,0.793,0.797,0.797,0.788,0.794,0.788,0.788,1.0000000000,-0.76%,0.789,0.793,44,59810,47407.20,EUR
17.06.2014,0.789,0.790,0.790,0.783,0.788,0.783,0.783,1.0000000000,-0.63%,0.783,0.790,43,408783,322502.43,EUR
18.06.2014,0.789,0.789,0.789,0.788,0.783,0.788,0.788,1.0000000000,0.64%,0.786,0.787,4,3360,2650.94,EUR
19.06.2014,0.786,0.784,0.790,0.782,0.788,0.782,0.782,1.0000000000,-0.76%,0.782,0.790,60,231134,181888.68,EUR
20.06.2014,0.760,0.766,0.766,0.756,0.782,0.760,0.760,1.0000000000,-2.81%,0.759,0.760,59,246076,187067.74,EUR
23.06.2014,0.000,0.760,0.000,0.000,0.760,0.760,0.760,1.0000000000,0.00%,0.759,0.766,0,0,0.00,EUR
25.06.2014,0.760,0.759,0.765,0.759,0.760,0.759,0.759,1.0000000000,-0.13%,0.759,0.760,40,123061,93557.91,EUR
26.06.2014,0.760,0.761,0.761,0.759,0.759,0.760,0.760,1.0000000000,0.13%,0.759,0.760,17,93150,70795.74,EUR
27.06.2014,0.761,0.760,0.767,0.759,0.760,0.760,0.760,1.0000000000,0.00%,0.759,0.760,33,176511,134205.76,EUR
30.06.2014,0.760,0.759,0.760,0.758,0.760,0.760,0.760,1.0000000000,0.00%,0.758,0.760,25,117051,88932.12,EUR
01.07.2014,0.759,0.760,0.760,0.755,0.760,0.760,0.760,1.0000000000,0.00%,0.757,0.760,20,36383,27602.15,EUR
02.07.2014,0.759,0.760,0.760,0.755,0.760,0.760,0.760,1.0000000000,0.00%,0.759,0.764,17,51677,39226.90,EUR
03.07.2014,0.758,0.760,0.760,0.756,0.760,0.760,0.760,1.0000000000,0.00%,0.756,0.760,19,43237,32787.87,EUR
04.07.2014,0.754,0.760,0.760,0.752,0.760,0.752,0.752,1.0000000000,-1.05%,0.752,0.758,17,25726,19386.09,EUR
07.07.2014,0.750,0.753,0.756,0.750,0.752,0.750,0.750,1.0000000000,-0.27%,0.750,0.751,19,19532,14655.61,EUR
08.07.2014,0.753,0.750,0.757,0.750,0.750,0.751,0.751,1.0000000000,0.13%,0.751,0.755,26,34714,26128.47,EUR
09.07.2014,0.751,0.751,0.757,0.750,0.751,0.750,0.750,1.0000000000,-0.13%,0.749,0.752,50,88252,66283.54,EUR
10.07.2014,0.751,0.750,0.752,0.748,0.750,0.751,0.751,1.0000000000,0.13%,0.748,0.751,47,180013,135131.97,EUR
11.07.2014,0.748,0.755,0.755,0.744,0.751,0.748,0.748,1.0000000000,-0.40%,0.748,0.750,27,138774,103748.37,EUR
14.07.2014,0.751,0.746,0.753,0.746,0.748,0.750,0.750,1.0000000000,0.27%,0.746,0.753,31,82261,61747.21,EUR
15.07.2014,0.750,0.750,0.750,0.747,0.750,0.747,0.747,1.0000000000,-0.40%,0.747,0.750,36,118267,88663.24,EUR
16.07.2014,0.748,0.750,0.750,0.742,0.747,0.750,0.750,1.0000000000,0.40%,0.747,0.750,32,61671,46130.02,EUR
17.07.2014,0.742,0.750,0.750,0.736,0.750,0.740,0.740,1.0000000000,-1.33%,0.736,0.740,35,86733,64318.94,EUR
18.07.2014,0.735,0.735,0.739,0.732,0.740,0.736,0.736,1.0000000000,-0.54%,0.734,0.736,28,35977,26426.43,EUR
21.07.2014,0.732,0.734,0.736,0.727,0.736,0.729,0.729,1.0000000000,-0.95%,0.725,0.729,41,38776,28388.55,EUR
22.07.2014,0.731,0.729,0.735,0.721,0.729,0.721,0.721,1.0000000000,-1.10%,0.722,0.728,24,21779,15911.14,EUR
23.07.2014,0.722,0.721,0.725,0.720,0.721,0.725,0.725,1.0000000000,0.55%,0.722,0.729,23,23815,17203.84,EUR
24.07.2014,0.724,0.725,0.730,0.720,0.725,0.720,0.720,1.0000000000,-0.69%,0.720,0.729,24,59423,43045.40,EUR
25.07.2014,0.719,0.722,0.723,0.713,0.720,0.713,0.713,1.0000000000,-0.97%,0.714,0.720,18,26785,19255.94,EUR
28.07.2014,0.715,0.715,0.717,0.713,0.713,0.713,0.713,1.0000000000,0.00%,0.712,0.716,22,108294,77427.83,EUR
29.07.2014,0.717,0.715,0.720,0.715,0.713,0.717,0.717,1.0000000000,0.56%,0.719,0.725,12,8528,6118.60,EUR
30.07.2014,0.716,0.719,0.719,0.714,0.717,0.715,0.715,1.0000000000,-0.28%,0.714,0.715,37,207143,148249.90,EUR
31.07.2014,0.715,0.712,0.715,0.712,0.715,0.715,0.715,1.0000000000,0.00%,0.712,0.715,13,33986,24293.79,EUR
01.08.2014,0.705,0.712,0.713,0.689,0.715,0.700,0.700,1.0000000000,-2.10%,0.695,0.700,69,206544,145614.96,EUR
04.08.2014,0.691,0.700,0.700,0.684,0.700,0.687,0.687,1.0000000000,-1.86%,0.687,0.695,45,139661,96451.73,EUR
05.08.2014,0.689,0.687,0.695,0.687,0.687,0.695,0.695,1.0000000000,1.16%,0.695,0.696,73,184724,127249.52,EUR
06.08.2014,0.689,0.700,0.700,0.684,0.695,0.685,0.685,1.0000000000,-1.44%,0.684,0.685,54,92052,63384.58,EUR
07.08.2014,0.663,0.680,0.680,0.654,0.685,0.659,0.659,1.0000000000,-3.80%,0.656,0.659,70,158904,105360.74,EUR
08.08.2014,0.641,0.650,0.650,0.637,0.659,0.644,0.644,1.0000000000,-2.28%,0.640,0.644,65,178518,114410.20,EUR
11.08.2014,0.654,0.643,0.659,0.643,0.644,0.658,0.658,1.0000000000,2.17%,0.654,0.658,44,98498,64374.55,EUR
12.08.2014,0.662,0.667,0.667,0.660,0.658,0.666,0.666,1.0000000000,1.22%,0.660,0.666,19,28575,18927.42,EUR
13.08.2014,0.670,0.668,0.678,0.666,0.666,0.678,0.678,1.0000000000,1.80%,0.675,0.678,22,34770,23306.26,EUR
14.08.2014,0.664,0.679,0.679,0.655,0.678,0.660,0.660,1.0000000000,-2.65%,0.658,0.663,34,45925,30513.56,EUR
15.08.2014,0.659,0.659,0.660,0.656,0.660,0.660,0.660,1.0000000000,0.00%,0.656,0.660,17,45792,30184.64,EUR
18.08.2014,0.652,0.659,0.659,0.650,0.660,0.651,0.651,1.0000000000,-1.36%,0.650,0.656,25,29265,19083.39,EUR
19.08.2014,0.657,0.650,0.660,0.650,0.651,0.658,0.658,1.0000000000,1.08%,0.658,0.660,23,61076,40141.70,EUR
20.08.2014,0.000,0.658,0.000,0.000,0.658,0.658,0.658,1.0000000000,0.00%,0.655,0.665,0,0,0.00,EUR
21.08.2014,0.677,0.675,0.684,0.670,0.658,0.684,0.684,1.0000000000,3.95%,0.674,0.684,44,99138,67127.11,EUR
22.08.2014,0.696,0.690,0.699,0.690,0.684,0.697,0.697,1.0000000000,1.90%,0.692,0.698,47,84867,59035.90,EUR
25.08.2014,0.708,0.698,0.714,0.695,0.697,0.713,0.713,1.0000000000,2.30%,0.709,0.714,36,76464,54105.32,EUR
26.08.2014,0.720,0.719,0.722,0.715,0.713,0.716,0.716,1.0000000000,0.42%,0.715,0.721,30,76357,54973.71,EUR
27.08.2014,0.728,0.716,0.735,0.716,0.716,0.735,0.735,1.0000000000,2.65%,0.724,0.735,14,48787,35508.55,EUR
28.08.2014,0.724,0.740,0.740,0.710,0.735,0.724,0.724,1.0000000000,-1.50%,0.711,0.720,43,106407,77047.47,EUR
29.08.2014,0.714,0.715,0.720,0.710,0.724,0.710,0.710,1.0000000000,-1.93%,0.710,0.718,29,50118,35798.52,EUR
01.09.2014,0.710,0.711,0.711,0.700,0.710,0.710,0.710,1.0000000000,0.00%,0.701,0.710,18,106135,75321.04,EUR
02.09.2014,0.700,0.709,0.709,0.694,0.710,0.696,0.696,1.0000000000,-1.97%,0.696,0.703,27,72941,51062.01,EUR
03.09.2014,0.700,0.703,0.705,0.695,0.696,0.695,0.695,1.0000000000,-0.14%,0.695,0.700,21,122650,85878.77,EUR
04.09.2014,0.676,0.694,0.694,0.670,0.695,0.670,0.670,1.0000000000,-3.60%,0.663,0.670,47,189669,128245.68,EUR
05.09.2014,0.669,0.671,0.673,0.666,0.670,0.666,0.666,1.0000000000,-0.60%,0.666,0.670,30,56417,37743.26,EUR
08.09.2014,0.668,0.668,0.670,0.667,0.666,0.667,0.667,1.0000000000,0.15%,0.666,0.670,12,30278,20239.01,EUR
09.09.2014,0.665,0.666,0.670,0.660,0.667,0.665,0.665,1.0000000000,-0.30%,0.660,0.665,28,89191,59285.79,EUR
10.09.2014,0.662,0.660,0.665,0.657,0.665,0.658,0.658,1.0000000000,-1.05%,0.658,0.660,37,138382,91602.47,EUR
11.09.2014,0.661,0.658,0.670,0.658,0.658,0.660,0.660,1.0000000000,0.30%,0.660,0.662,20,278508,184177.93,EUR
12.09.2014,0.660,0.661,0.661,0.658,0.660,0.659,0.659,1.0000000000,-0.15%,0.658,0.659,21,75530,49861.63,EUR
15.09.2014,0.660,0.659,0.665,0.658,0.659,0.658,0.658,1.0000000000,-0.15%,0.658,0.660,26,60661,40059.48,EUR
16.09.2014,0.654,0.657,0.657,0.650,0.658,0.654,0.654,1.0000000000,-0.61%,0.651,0.654,20,34732,22722.38,EUR
17.09.2014,0.654,0.655,0.659,0.650,0.654,0.657,0.657,1.0000000000,0.46%,0.651,0.655,19,54339,35557.81,EUR
18.09.2014,0.652,0.650,0.656,0.649,0.657,0.649,0.649,1.0000000000,-1.22%,0.649,0.652,12,27688,18049.16,EUR
19.09.2014,0.650,0.650,0.653,0.646,0.649,0.646,0.646,1.0000000000,-0.46%,0.647,0.654,26,127080,82576.66,EUR
22.09.2014,0.649,0.650,0.655,0.646,0.646,0.646,0.646,1.0000000000,0.00%,0.646,0.648,15,14472,9394.17,EUR
23.09.2014,0.648,0.646,0.649,0.646,0.646,0.647,0.647,1.0000000000,0.15%,0.647,0.648,24,92662,60028.58,EUR
24.09.2014,0.643,0.649,0.649,0.640,0.647,0.641,0.641,1.0000000000,-0.93%,0.640,0.642,40,90150,57947.66,EUR
25.09.2014,0.638,0.641,0.646,0.635,0.641,0.635,0.635,1.0000000000,-0.94%,0.634,0.635,20,48099,30607.34,EUR
26.09.2014,0.638,0.636,0.640,0.635,0.635,0.635,0.635,1.0000000000,0.00%,0.634,0.635,23,73232,46749.78,EUR
29.09.2014,0.635,0.639,0.639,0.630,0.635,0.635,0.635,1.0000000000,0.00%,0.635,0.638,19,38204,24259.18,EUR
30.09.2014,0.636,0.638,0.638,0.632,0.635,0.633,0.633,1.0000000000,-0.31%,0.636,0.638,12,25580,16263.74,EUR
01.10.2014,0.635,0.639,0.639,0.635,0.633,0.638,0.638,1.0000000000,0.79%,0.635,0.638,12,12496,7938.38,EUR
02.10.2014,0.634,0.633,0.637,0.633,0.638,0.634,0.634,1.0000000000,-0.56%,0.632,0.635,12,27788,17628.88,EUR
03.10.2014,0.635,0.637,0.638,0.633,0.634,0.633,0.633,1.0000000000,-0.22%,0.633,0.635,13,31927,20260.02,EUR
06.10.2014,0.634,0.637,0.639,0.628,0.633,0.638,0.638,1.0000000000,0.79%,0.634,0.638,41,110325,69944.94,EUR
07.10.2014,0.630,0.632,0.632,0.627,0.638,0.627,0.627,1.0000000000,-1.72%,0.627,0.634,11,11803,7431.67,EUR
08.10.2014,0.632,0.638,0.638,0.627,0.627,0.633,0.633,1.0000000000,0.96%,0.628,0.633,29,730278,460252.81,EUR
09.10.2014,0.630,0.632,0.632,0.628,0.633,0.630,0.630,1.0000000000,-0.47%,0.630,0.632,17,10775,6791.40,EUR
10.10.2014,0.628,0.630,0.630,0.626,0.630,0.626,0.626,1.0000000000,-0.63%,0.626,0.628,26,267311,167734.80,EUR